
INSERT INTO admin_login (adl_id, user_name, user_password) VALUES
(1, 'admin', 'adminpass2'),
(2, 'admin1', 'pass1'),
(3, 'admin3', 'adminpass3');


INSERT INTO class (class_id, class_name, room_number, group_, total_seat) VALUES
(1, 'Nine', '101', 'Commerce', 10),
(2, 'Nine', '102a', 'Humanities', 10),
(3, 'Ten', '201', 'Humanities', 10),
(4, 'Ten', '202', 'Commerce', 10),
(6, 'Six', 'F106', 'Not Applicable', 40),
(7, 'Seven', 'G107', 'Not Applicable', 40),
(8, 'Eight', 'H108', 'Not Applicable', 40),
(9, 'Nine', 'I109', 'Science', 12),
(10, 'Ten', 'J110', 'Science', 20);



INSERT INTO admission_form (admission_id, applicant_name, applicant_id, date_of_birth, father_name, mother_name, guardian_mobile_number, mobile_number, previous_school_name, class_id, admission_year, email, gender, village, post_code, upazila, zila, group_, optional_subject) VALUES
(7, 'Tarique Shams', 'adm975230229', '2012-02-21', 'Sohidul Islam', 'Amena Khatun', '01936864868', '01975230229', 'Medical Public School', 7, 2025, '230229@kus.ac.bd', 'Male', 'Islamnagar Road', 9206, 'Horintana', 'Khulna', NULL, NULL),
(8, 'Md. Masrafi Mutoja', 'adm913637155', '2012-10-23', 'Hasib', 'Moyna', '0169298745645', '01913637155', 'Bonarpara Primary School', 6, 2025, 'masrafi@gmail.com', 'Male', 'Islamnagar', 9208, 'Sonadanga', 'Khulna', NULL, NULL),
(9, 'Shams ', 'adm925935512', '2025-04-17', 'dfdsf', 'dfgfgdfg', '01902712498', '01925935512', 'fdsfesf', 8, 2025, 'fdfssdfs@dfj.com', 'Male', 'dfsfdf', 7445, 'dsff', 'fgdfg', NULL, NULL),
(11, 'Md. Rahmans Ali', 'adm925935511', '2025-03-31', 'Md. Barkat', 'Mst. Momena', '019027124985', '01925935511', 'Sunshine High School', 9, 2025, 'rahman02@gmail.com', 'Male', 'Rowmari', 9208, 'Horintana', 'Khulna', 'Science', 'Biology'),
(12, 'Md. Sagor Ahmed', 'adm925935510', '2011-03-31', 'Md. Sahabullah', 'Mst. Rahima', '019027124985', '01925935510', 'Bonarpara Primary School', 1, 2025, 'fdfssdfs@dfj.com', 'Male', 'Islamnagar', 9208, 'Sonadanga', 'Khulna', 'Commerce', 'AGRICULTURE STUDIES'),
(13, 'dfdf', 'adm925935513', '2025-04-08', 'dsfdsfs', 'dfgfgdfg', '01936864868', '01925935513', 'Medical Public School', 6, 2025, 'fdfssdfs@dfj.com', '', 'dfsfdf', 5684, 'fdgdsfg', 'fgdfg', '', 'Not Applicable'),
(14, 'Rima Akter', 'adm444444444', '2010-11-30', 'Habibur Rahman', 'Roksana Begum', '01710000004', '01810000004', 'Shikkha Niketon', 9, 2025, 'rima@example.com', 'Female', 'Pirojpur', 8500, 'Pirojpur Sadar', 'Pirojpur', 'Science', 'Higher Mathematics'),
(15, 'Tanvir Hasan', 'adm555555555', '2010-02-18', 'Bashir Ahmed', 'Nur Jahan', '01710000005', '01810000005', 'Future Star School', 9, 2025, 'tanvir@example.com', 'Male', 'Barisal', 8200, 'Barisal Sadar', 'Barisal', 'Commerce', 'Agriculture Studies'),
(16, 'Afsana Mim', 'adm666666666', '2010-07-22', 'Jamal Uddin', 'Rokeya Begum', '01710000006', '01810000006', 'Shapla Model School', 9, 2025, 'afsana@example.com', 'Female', 'Khulna', 9100, 'Khulna Sadar', 'Khulna', '', 'Not Applicable'),
(17, 'Fahim Rahman', 'adm777777777', '2010-09-14', 'Nazmul Hossain', 'Selina Akter', '01710000007', '01810000007', 'City High School', 9, 2025, 'fahim@example.com', 'Male', 'Dhaka', 1207, 'Mirpur', 'Dhaka', 'Science', 'Higher Mathematics'),
(18, 'Nusrat Jahan', 'adm888888888', '2010-01-05', 'Alamgir Kabir', 'Sabina Yasmin', '01710000008', '01810000008', 'Progressive School', 9, 2025, 'nusrat@example.com', 'Female', 'Rajshahi', 6200, 'Rajshahi Sadar', 'Rajshahi', 'Commerce', 'Agriculture Studies'),
(19, 'Imran Hossain', 'adm999999999', '2010-06-11', 'Mizanur Rahman', 'Munni Akter', '01710000009', '01810000009', 'Shining Light School', 9, 2025, 'imran@example.com', 'Male', 'Sylhet', 3100, 'Sylhet Sadar', 'Sylhet', '', 'Not Applicable'),
(20, 'Md. Siam Ahmed', 'adm925935515', '2008-02-22', 'Md. Saijuddin', 'Mst. Shahanaz Begum', '01925935512', '01925935515', 'XY School', 9, 2025, 'mdsiamahmed35862@gmail.com', '', 'Kutirchar', 5640, 'Rowmari', 'Kurigram', 'Science', 'Higher Mathematics'),
(21, 'Md. Siam Ahmed', 'adm925935516', '2008-02-20', 'Md. Saijuddin', 'Mst. Shahanaz Begum', '01925935512', '01925935516', 'XY School', 9, 2025, 'mdsiamahmed35862@gmail.com', '', 'Kutirchar', 5640, 'Rowmari', 'Kurigram', 'Humanities', 'HISTORY'),
(23, 'ijii', 'adm931631755', '2025-04-16', 'huhu', 'koko', '01902712498', '01931631755', 'yyuyu', 9, 2025, 'fdfssdfs@dfj.com', '', 'fdgfdgfdg', 7445, 'fdgdsfg', 'sfdsfsd', 'Commerce', 'AGRICULTURE STUDIES'),
(24, 'Tanjila Akter', 'adm569848125', '2008-10-10', 'Abu Taher', 'Shakila Parvin', '01567497315', '01569848125', 'Seven Star School', 9, 2025, 'tanjilaakter2008@gmail.com', '', 'Boyra', 9206, 'Sonadanga', 'Khulna', 'Commerce', 'AGRICULTURE STUDIES'),
(25, 'Mst. Zara', 'adm698549644', '2009-10-10', 'Mazar Ali', 'Shariza Begum', '01598649646', '01698549644', 'Sadek Hossain Memorial High School', 9, 2025, 'zara@gmail.com', '', 'Shiver Dangi', 5642, 'Rajibpur', 'Kurigram', 'Science', 'HIGHER MATHEMATICS'),
(26, 'Mst. Sara', 'adm925935536', '2008-09-10', 'Mazar Ali', 'Mst. Shahanaz Begum', '01925935558', '01925935536', 'Sadek Hossain Memorial High School', 9, 2025, 'sara@gmail.com', '', 'Kutirchar', 5640, 'Rowmari', 'Kurigram', 'Science', 'HIGHER MATHEMATICS'),
(27, 'Md. Siam Ahmed', 'adm925935507', '2007-12-12', 'Abu Taher', 'Shariza Begum', '01925935512', '01925935507', 'Seven Star School', 2, 2025, 'mdsiamahmed35862@gmail.com', 'Male', 'Kutirchar', 5640, 'Rowmari', 'Kurigram', 'Humanities', 'HISTORY'),
(28, 'Md. Siam Ahmed', 'adm925935508', '2008-11-20', 'Abu Taher', 'Mst. Shahanaz Begum', '01925935512', '01925935508', 'Sadek Hossain Memorial High School', 1, 2025, 'mdsiamahmed35862@gmail.com', '', 'Kutirchar', 5640, 'Rowmari', 'Kurigram', 'Commerce', 'AGRICULTURE STUDIES'),
(29, 'Md. Siam Ahmed', 'adm925935509', '2008-02-02', 'Md. Saijuddin', 'Mst. Shahanaz Begum', '01925935512', '01925935509', 'Sadek Hossain Memorial High School', 9, 2025, 'mdsiamahmed35862@gmail.com', '', 'Kutirchar', 5640, 'Rowmari', 'Kurigram', 'Science', 'HIGHER MATHEMATICS'),
(30, 'Sadik Hossain', 'adm925935698', '2008-12-25', 'Sahajan', 'Shila Begum', '01925935512', '01925935698', 'XY School', 9, 2025, 'mdsiamahmed35862@gmail.com', '', 'Kutirchar', 5640, 'Rowmari', 'Kurigram', 'Science', 'HIGHER MATHEMATICS'),
(31, 'Md. Siam Ahmed', 'adm925935539', '2009-03-10', 'Md. Saijuddin', 'Shakila Parvin', '01925935512', '01925935539', 'Sadek Hossain Memorial High School', 9, 2025, 'mdsiamahmed35862@gmail.com', '', 'Kutirchar', 5640, 'Rowmari', 'Kurigram', 'Science', 'HIGHER MATHEMATICS'),
(32, 'Tanjila Akter', 'adm925935569', '2008-12-12', 'Mazar', 'Mst. Shanaz Begum', '01925935512', '01925935569', 'Sadek Hossain Memorial High School', 9, 2025, 'mdsiamahmed35862@gmail.com', '', 'Kutirchar', 5640, 'Rowmari', 'Kurigram', 'Science', 'HIGHER MATHEMATICS'),
(33, 'Mst. Zara', 'adm925935525', '2009-05-12', 'Abu Taher', 'Shariza Begum', '01925935512', '01925935525', 'Seven Star School', 9, 2025, 'mdsiamahmed35862@gmail.com', '', 'Kutirchar', 5640, 'Rowmari', 'Kurigram', 'Science', 'HIGHER MATHEMATICS');

INSERT INTO admission_result (ar_id, admission_id, marks) VALUES
(1, 7, 85),
(2, 8, 79),
(3, 9, 90),
(4, 11, 88),
(5, 12, 5),
(6, 13, 92),
(7, 28, 66),
(8, 21, 85),
(9, 27, 58),
(10, 16, 0),
(11, 17, 60),
(12, 23, 50),
(13, 19, 0),
(14, 20, 0),
(15, 29, 0),
(16, 26, 0),
(17, 25, 0),
(18, 18, 63),
(19, 14, 0),
(20, 24, 0),
(21, 15, 87),
(22, 32, 80),
(23, 30, 59),
(24, 31, 0),
(25, 33, 69);

INSERT INTO student (st_ID, student_id, admission_date, class_id, academic_year, admission_id, optional_subject, village, post_code, upazila, zila) VALUES
(1, '202505', '2024-01-10', 7, '2025', 7, 'Not Applicable', 'Rowmari', 9208, 'Rowmari', 'Kurigram'),
(2, '202501', '2024-01-12', 6, '2025', 8, 'Not Applicable', '', 5894, 'Rajibpur', 'Kurigram'),
(3, '202402', '2024-01-14', 8, '2024', 9, 'Not Applicable', 'Kortimari', 5640, 'Rowmari', 'Kurigram'),
(4, '202503', '2024-01-16', 9, '2025', 11, 'BIOLOGY', 'Jadurchar', 6546, 'Rowmari', 'Jamalpur'),
(5, '202504', '2024-01-18', 4, '2025', 12, 'AGRICULTURE STUDIES', 'Islamnagar', 9208, 'Sonadanga', 'Khulna'),
(6, '202501', '2024-01-15', 1, '2025', 14, 'AGRICULTURE STUDIES', 'Shampur', 1204, 'Shampur Upazila', 'Dhaka'),
(7, '202502', '2024-02-10', 9, '2025', 15, 'HIGHER MATHEMATICS', 'Mirpur', 1216, 'Mirpur Upazila', 'Dhaka'),
(8, '202403', '2024-01-20', 10, '2024', 17, 'BIOLOGY', 'Uttara', 1230, 'Uttara Upazila', 'Dhaka'),
(9, '202404', '2024-03-05', 10, '2024', 18, 'BIOLOGY', 'Dhanmondi', 1207, 'Dhanmondi Upazila', 'Dhaka'),
(10, '202504', '2025-04-26', 9, '2025', 21, 'BIOLOGY', 'Kutirchar', 5640, 'Rowmari', 'Kurigram'),
(11, '202505', '2025-04-26', 9, '2025', 23, 'AGRICULTURE STUDIES', 'fdgfdgfdg', 7446, 'fdgdsfg', 'sfdsfsd'),
(12, '202506', '2025-04-26', 9, '2025', 30, 'HIGHER MATHEMATICS', 'Kutirchar', 5640, 'Rowmari', 'Kurigram'),
(13, '202507', '2025-04-26', 9, '2025', 33, 'HIGHER MATHEMATICS', 'Kutirchar', 5640, 'Rowmari', 'Kurigram'),
(14, '202502', '2025-04-26', 1, '2025', 28, 'AGRICULTURE STUDIES', 'Kutirchar', 5640, 'Rowmari', 'Kurigram'),
(15, '202501', '2025-04-26', 2, '2025', 27, 'AGRICULTURE STUDIES', 'Kutirchar', 5640, 'Rowmari', 'Kurigram'),
(16, '202502', '2025-04-26', 6, '2025', 13, 'Not Applicable', 'dfsfdf', 5684, 'fdgdsfg', 'fgdfg'),
(17, '202508', '2025-04-27', 9, '2025', 32, 'HIGHER MATHEMATICS', 'Khanjanmara', 5640, 'Rowmari', 'Kurigram');



INSERT INTO attendance (attendance_id, attendance_status, st_ID, class_id, attendance_date) VALUES
(1, 'Present', 1, 1, '2025-04-14 17:22:22'),
(2, 'Absent', 2, 1, '2025-04-14 17:22:22'),
(3, 'Late', 3, 1, '2025-04-14 17:22:22'),
(4, 'Present', 4, 1, '2025-04-14 17:22:22'),
(5, 'Absent', 5, 1, '2025-04-14 17:22:22'),
(7, 'Present', 5, 1, '2025-04-14 17:24:57'),
(8, 'Present', 2, 2, '2025-04-14 17:25:58'),
(9, 'Present', 2, 6, '2025-04-19 00:00:00'),
(10, 'Present', 2, 6, '2025-04-19 00:00:00'),
(11, 'Present', 7, 9, '2025-04-19 00:00:00'),
(12, 'Present', 7, 9, '2025-04-19 00:00:00'),
(13, 'Present', 7, 9, '2025-04-19 00:00:00'),
(14, 'Present', 7, 9, '2025-04-19 00:00:00'),
(15, 'Present', 7, 9, '2025-04-19 00:00:00'),
(16, 'Present', 7, 9, '2025-04-19 00:00:00'),
(17, 'Present', 6, 1, '2025-04-25 00:00:00'),
(18, 'Present', 7, 9, '2025-04-25 00:00:00'),
(19, 'Present', 4, 9, '2025-04-25 00:00:00'),
(20, 'Present', 4, 9, '2025-04-25 00:00:00'),
(21, 'Absent', 6, 1, '2025-04-26 00:00:00'),
(22, 'Absent', 6, 1, '2025-04-26 00:00:00'),
(23, 'Late', 2, 6, '2025-04-26 00:00:00');



INSERT INTO footer_info (id, address, phone, email) VALUES
(1, 'Sher-E-Bangla Rd, Khulna 9208', '01552984111', 'kus05ku@gmail.com');

INSERT INTO gallery (id, file_name, type, upload_date, title) VALUES
(1, 'uploads/logo.png', 'photo', '2025-04-29 00:21:03', 'Our School Logo'),
(2, 'uploads/photos/680fed65173ca1.35403511.png', 'photo', '2025-04-29 03:08:01', 'Our Honorable Chairman'),
(10, 'uploads/photos/680ffdcf1e8dc2.74557140.jpg', 'photo', '2025-04-29 04:14:39', 'Flower'),
(8, 'uploads/photos/680ff6ea578316.57449313.jpg', 'photo', '2025-04-29 03:45:14', 'Khulna University School'),
(7, 'uploads/photos/680ff4698ef343.44081869.png', 'photo', '2025-04-29 03:34:33', 'Our Honorable Headmaster'),
(12, 'uploads/photos/681005bdbf0a79.32384806.jpg', 'photo', '2025-04-29 04:48:29', 'Khulna University Campus');

INSERT INTO institution_event (event_id, title, category, event_date, event_description) VALUES
(1, 'Science Fair 2024', 'Academic', '2024-04-15', 'An exhibition where students present their innovative science projects.'),
(2, 'Annual Sports Meet', 'Sports', '2024-05-10', 'A day filled with various sports competitions and activities.'),
(3, 'Cultural Festival', 'Cultural', '2024-06-20', 'A celebration of music, dance, drama, and art performances by students.'),
(4, 'Tech Workshop', 'Technology', '2024-07-05', 'A hands-on workshop on coding, robotics, and emerging technologies.'),
(5, 'Debate Competition', 'Academics', '2024-08-12', 'An inter-school debate competition with exciting topics.'),
(6, 'Annual Science Fair', 'Academic', '2025-05-05', 'A full-day science exhibition featuring projects by students from various departments.'),
(7, 'Science Fair 2025', 'Other', '2025-05-10', '.....'),
(8, 'Science Fair 2025', 'Other', '2025-05-10', '.....'),
(9, 'Sports Week 2025', 'Sports', '2025-05-10', '.......'),
(10, 'Sports Week 2025', 'Sports', '2025-05-10', '.......'),
(11, 'Sports Week 2025', 'Sports', '2025-05-10', '.......'),
(12, 'Sports Week 2025', 'Sports', '2025-04-18', '....');

INSERT INTO subject (subject_id, subject_title, subject_code, class_id) VALUES
(1076, 'BANGLA', '101', 6),
(1077, 'ENGLISH', '107', 6),
(1078, 'MATHEMATICS', '109', 6),
(1079, 'SCIENCE', '127', 6),
(1080, 'BANGLADESH AND GLOBAL STUDIES', '150', 6),
(1081, 'ISLAM AND MORAL EDUCATION', '111', 6),
(1082, 'INFORMATION AND COMMUNICATION TECHNOLOGY', '154', 6),
(1083, 'AGRICULTURE STUDIES', '134', 6),
(1084, 'PHYSICAL EDUCATION AND HEALTH', '147', 6),
(1085, 'ARTS AND CRAFTS', '148', 6),
(1086, 'WORK AND LIFE ORIENTED EDUCATION', '155', 6),
(1087, 'BANGLA', '101', 7),
(1088, 'ENGLISH', '107', 7),
(1089, 'MATHEMATICS', '109', 7),
(1090, 'SCIENCE', '127', 7),
(1091, 'BANGLADESH AND GLOBAL STUDIES', '150', 7),
(1092, 'ISLAM AND MORAL EDUCATION', '111', 7),
(1093, 'INFORMATION AND COMMUNICATION TECHNOLOGY', '154', 7),
(1094, 'AGRICULTURE STUDIES', '134', 7),
(1095, 'PHYSICAL EDUCATION AND HEALTH', '147', 7),
(1096, 'ARTS AND CRAFTS', '148', 7),
(1097, 'WORK AND LIFE ORIENTED EDUCATION', '155', 7),
(1098, 'BANGLA', '101', 8),
(1099, 'ENGLISH', '107', 8),
(1100, 'MATHEMATICS', '109', 8),
(1101, 'SCIENCE', '127', 8),
(1102, 'BANGLADESH AND GLOBAL STUDIES', '150', 8),
(1103, 'ISLAM AND MORAL EDUCATION', '111', 8),
(1104, 'INFORMATION AND COMMUNICATION TECHNOLOGY', '154', 8),
(1105, 'AGRICULTURE STUDIES', '134', 8),
(1106, 'PHYSICAL EDUCATION AND HEALTH', '147', 8),
(1107, 'ARTS AND CRAFTS', '148', 8),
(1108, 'WORK AND LIFE ORIENTED EDUCATION', '155', 8),
(1109, 'BANGLA', '101', 9),
(1110, 'ENGLISH', '107', 9),
(1111, 'MATHEMATICS', '109', 9),
(1112, 'BANGLADESH AND GLOBAL STUDIES', '150', 9),
(1113, 'ISLAM AND MORAL EDUCATION', '111', 9),
(1114, 'PHYSICS', '136', 9),
(1115, 'CHEMISTRY', '137', 9),
(1116, 'HIGHER MATHEMATICS', '126', 9),
(1117, 'INFORMATION AND COMMUNICATION TECHNOLOGY', '154', 9),
(1118, 'BIOLOGY', '138', 9),
(1119, 'PHYSICAL EDUCATION, HEALTH & SPORTS', '147', 9),
(1120, 'CAREER EDUCATION', '156', 9),
(1121, 'BANGLA', '101', 10),
(1122, 'ENGLISH', '107', 10),
(1123, 'MATHEMATICS', '109', 10),
(1124, 'BANGLADESH AND GLOBAL STUDIES', '150', 10),
(1125, 'ISLAM AND MORAL EDUCATION', '111', 10),
(1126, 'PHYSICS', '136', 10),
(1127, 'CHEMISTRY', '137', 10),
(1128, 'HIGHER MATHEMATICS', '126', 10),
(1129, 'INFORMATION AND COMMUNICATION TECHNOLOGY', '154', 10),
(1130, 'BIOLOGY', '138', 10),
(1131, 'PHYSICAL EDUCATION, HEALTH & SPORTS', '147', 10),
(1132, 'CAREER EDUCATION', '156', 10),
(1161, 'BANGLA', '101', 2),
(1162, 'ENGLISH', '107', 2),
(1163, 'MATHEMATICS', '109', 2),
(1164, 'GENERAL SCIENCE', '127', 2),
(1165, 'RELIGION AND MORAL EDUCATION', '111', 2),
(1166, 'GEOGRAPHY', '110', 2),
(1167, 'HISTORY', '139', 2),
(1168, 'ECONOMICS', '141', 2),
(1169, 'AGRICULTURE STUDIES', '134', 2),
(1170, 'INFORMATION AND COMMUNICATION TECHNOLOGY', '154', 2),
(1171, 'PHYSICAL EDUCATION, HEALTH & SPORTS', '147', 2),
(1172, 'CAREER EDUCATION', '156', 2),
(1173, 'BANGLA', '101', 3),
(1174, 'ENGLISH', '107', 3),
(1175, 'MATHEMATICS', '109', 3),
(1176, 'GENERAL SCIENCE', '127', 3),
(1177, 'RELIGION AND MORAL EDUCATION', '111', 3),
(1178, 'GEOGRAPHY', '110', 3),
(1179, 'HISTORY', '139', 3),
(1180, 'ECONOMICS', '141', 3),
(1181, 'AGRICULTURE STUDIES', '134', 3),
(1182, 'INFORMATION AND COMMUNICATION TECHNOLOGY', '154', 3),
(1183, 'PHYSICAL EDUCATION, HEALTH & SPORTS', '147', 3),
(1184, 'CAREER EDUCATION', '156', 3),
(1197, 'BANGLA', '101', 1),
(1198, 'ENGLISH', '107', 1),
(1199, 'MATHEMATICS', '109', 1),
(1200, 'GENERAL SCIENCE', '127', 1),
(1201, 'RELIGION AND MORAL EDUCATION', '111', 1),
(1202, 'ACCOUNTING', '146', 1),
(1203, 'FINANCE & BANKING', '152', 1),
(1204, 'BUSINESS ENTREPRENEURSHIP', '143', 1),
(1205, 'AGRICULTURE STUDIES', '134', 1),
(1206, 'INFORMATION AND COMMUNICATION TECHNOLOGY', '154', 1),
(1207, 'PHYSICAL EDUCATION, HEALTH & SPORTS', '147', 1),
(1208, 'CAREER EDUCATION', '156', 1),
(1209, 'BANGLA', '101', 4),
(1210, 'ENGLISH', '107', 4),
(1211, 'MATHEMATICS', '109', 4),
(1212, 'GENERAL SCIENCE', '127', 4),
(1213, 'RELIGION AND MORAL EDUCATION', '111', 4),
(1214, 'ACCOUNTING', '146', 4),
(1215, 'FINANCE & BANKING', '152', 4),
(1216, 'BUSINESS ENTREPRENEURSHIP', '143', 4),
(1217, 'AGRICULTURE STUDIES', '134', 4),
(1218, 'INFORMATION AND COMMUNICATION TECHNOLOGY', '154', 4),
(1219, 'PHYSICAL EDUCATION, HEALTH & SPORTS', '147', 4),
(1220, 'CAREER EDUCATION', '156', 4);

INSERT INTO marks (marks_id, mark, st_ID, subject_id) VALUES
(8, 74, 1, 1089),
(9, 81, 1, 1090),
(10, 67, 1, 1091),
(11, 85, 1, 1092),
(12, 90, 1, 1093),
(13, 76, 1, 1094),
(14, 93, 1, 1095),
(15, 69, 1, 1096),
(16, 95, 1, 1097),
(17, 80, 2, 1076),
(18, 85, 2, 1077),
(19, 92, 2, 1078),
(20, 45, 2, 1079),
(21, 81, 2, 1080),
(22, 88, 2, 1081),
(23, 67, 2, 1082),
(24, 90, 2, 1083),
(25, 55, 2, 1084),
(26, 65, 2, 1085),
(27, 72, 2, 1086),
(28, 80, 3, 1098),
(29, 92, 3, 1099),
(30, 74, 3, 1100),
(31, 85, 3, 1101),
(32, 67, 3, 1102),
(33, 90, 3, 1103),
(34, 79, 3, 1104),
(35, 88, 3, 1105),
(36, 76, 3, 1106),
(37, 95, 3, 1107),
(38, 71, 3, 1108),
(74, 99, 4, 1109),
(75, 67, 4, 1110),
(76, 85, 4, 1111),
(77, 85, 4, 1112),
(78, 84, 4, 1113),
(79, 70, 4, 1114),
(80, 88, 4, 1115),
(81, 74, 4, 1116),
(82, 68, 4, 1117),
(83, 30, 4, 1118),
(84, 59, 4, 1119),
(85, 32, 4, 1120),
(87, 84, 5, 1216),
(88, 75, 5, 1215),
(89, 48, 5, 1217),
(90, 75, 5, 1212),
(91, 89, 1, 1087),
(92, 100, 5, 1211);

INSERT INTO messages (id, role, name, title, message, image, created_at) VALUES
(1, 'Headmaster', 'Dr. Rahman', 'Message from Headmaster', 'Welcome to Khulna University School. As the Headmaster, I am proud to lead a team of dedicated educators. Our mission is to provide quality education and foster a love of learning in every student.\r\n', 'uploads/headmaster_.png', '2025-04-25 21:04:10'),
(2, 'Chairman', 'Professor Dr. Md. Rezaul Karim', 'Message from Chairman', 'As the Chairman, I am delighted to support an institution that values academic excellence and character building. Together, we aim to create a nurturing environment for our students to thrive.', 'uploads/chairman_.png', '2025-04-26 16:51:31');

INSERT INTO notice (notice_id, notice_title, notice_description, notice_date) VALUES
(2, 'Holiday Notice', 'The institution will remain closed on March 17 due to National Day celebrations.', '2024-03-10 00:00:00'),
(3, 'Library Update', 'New books have been added to the library collection. Visit the library to explore them.', '2024-02-25 00:00:00'),
(4, 'Annual Sports Day', 'The annual sports day will be held on April 10. Students are encouraged to participate.', '2024-03-20 00:00:00'),
(5, 'Parent-Teacher Meeting', 'A parent-teacher meeting will be held on March 30 to discuss students’ performance.', '2024-03-15 00:00:00'),
(7, 'Exam Schedule Announced', 'The final exam routine has been published on the school portal.', '2023-04-18 01:27:31'),
(8, '🏆 Sports Week Celebration - Get Ready to Play! 🏆', 'We are excited to announce that our annual Sports Week will be held from [insert date] to [insert date]!\r\nThis week will be filled with thrilling competitions, fun activities, and opportunities to showcase your talents and team spirit.\r\nStudents are encouraged to participate in various sports events including football, basketball, volleyball, athletics, and many more.\r\nLet\'s come together, play fair, and make this Sports Week a memorable celebration of energy, discipline, and sportsmanship!\r\nFor event details and registration, please contact your class teacher or the Sports Department.\r\n\r\nLet\'s bring out the champion in you!', '2025-04-27 15:56:53');

INSERT INTO school_info (id, established_year, short_history, full_history, school_name, address, image) VALUES
(1, '1996', 'Khulna University School was founded to provide quality education to the children of university faculty and staff...', 'Khulna University School was established in [year] to serve the academic needs of the university community. Over the years, it has grown from a small initiative into a full-fledged institution offering a broad curriculum..', 'Khulna University School', 'Khulna-9208', 'uploads/logo.png');



INSERT INTO student_event (st_ID, event_id) VALUES
(1, 1),
(2, 2),
(3, 3),
(4, 4),
(5, 5),
(1, 6),
(2, 6),
(3, 6),
(4, 6),
(5, 6),
(10, 6),
(14, 6),
(15, 6);

INSERT INTO student_login (stl_id, user_name, user_password, st_ID) VALUES
(1, 'user1', 'pass1', 1),
(2, 'user2', 'pass2', 2),
(3, 'user3', 'pass3', 3),
(4, 'user4', 'pass4', 4),
(5, 'user5', 'pass5', 5),
(6, 'student6', 'pass1236', 6),
(7, 'student7', 'pass1237', 7),
(8, 'student8', 'pass1238', 8),
(9, 'student9', 'pass1239', 9),
(10, 'mdsiamahmed202504', 'pass202504', 10),
(11, 'ijii202505', 'pass202505', 11),
(12, 'sadikhossain202506', 'pass202506', 12),
(13, 'mstzara202507', 'pass202507', 13),
(14, 'mdsiamahmed202502', 'pass202502', 14),
(15, 'mdsiamahmed202501', 'pass202501', 15),
(16, 'dfdf202502', 'pass202502', 16),
(17, 'tanjilaakter202508', 'pass202508', 17);

INSERT INTO student_subject (st_ID, subject_id) VALUES
(2, 1076),
(16, 1076),
(2, 1077),
(16, 1077),
(2, 1078),
(16, 1078),
(2, 1079),
(16, 1079),
(2, 1080),
(16, 1080),
(2, 1081),
(16, 1081),
(2, 1082),
(16, 1082),
(2, 1083),
(16, 1083),
(2, 1084),
(16, 1084),
(2, 1085),
(16, 1085),
(2, 1086),
(16, 1086),
(1, 1087),
(1, 1088),
(1, 1089),
(1, 1090),
(1, 1091),
(1, 1092),
(1, 1093),
(1, 1094),
(1, 1095),
(1, 1096),
(1, 1097),
(3, 1098),
(3, 1099),
(3, 1100),
(3, 1101),
(3, 1102),
(3, 1103),
(3, 1104),
(3, 1105),
(3, 1106),
(3, 1107),
(3, 1108),
(4, 1109),
(10, 1109),
(11, 1109),
(12, 1109),
(13, 1109),
(17, 1109),
(4, 1110),
(10, 1110),
(11, 1110),
(12, 1110),
(13, 1110),
(17, 1110),
(4, 1111),
(10, 1111),
(11, 1111),
(12, 1111),
(13, 1111),
(17, 1111),
(4, 1112),
(10, 1112),
(11, 1112),
(12, 1112),
(13, 1112),
(17, 1112),
(4, 1113),
(10, 1113),
(11, 1113),
(12, 1113),
(13, 1113),
(17, 1113),
(4, 1114),
(10, 1114),
(11, 1114),
(12, 1114),
(13, 1114),
(17, 1114),
(4, 1115),
(10, 1115),
(11, 1115),
(12, 1115),
(13, 1115),
(17, 1115),
(4, 1116),
(10, 1116),
(11, 1116),
(12, 1116),
(13, 1116),
(17, 1116),
(4, 1117),
(10, 1117),
(11, 1117),
(12, 1117),
(13, 1117),
(17, 1117),
(4, 1118),
(10, 1118),
(11, 1118),
(12, 1118),
(13, 1118),
(17, 1118),
(4, 1119),
(10, 1119),
(11, 1119),
(12, 1119),
(13, 1119),
(17, 1119),
(4, 1120),
(10, 1120),
(11, 1120),
(12, 1120),
(13, 1120),
(17, 1120),
(15, 1161),
(15, 1162),
(15, 1163),
(15, 1164),
(15, 1165),
(15, 1166),
(15, 1167),
(15, 1168),
(15, 1169),
(15, 1170),
(15, 1171),
(15, 1172),
(14, 1197),
(14, 1198),
(14, 1199),
(14, 1200),
(14, 1201),
(14, 1202),
(14, 1203),
(14, 1204),
(14, 1205),
(14, 1206),
(14, 1207),
(14, 1208),
(5, 1209),
(5, 1210),
(5, 1211),
(5, 1212),
(5, 1213),
(5, 1214),
(5, 1215),
(5, 1216),
(5, 1217),
(5, 1218),
(5, 1219),
(5, 1220);



INSERT INTO teacher (teacher_ID, teacher_name, date_of_birth, joining_date, designation, service_status, teaching_subject, phone_number, email, qualification, district) VALUES
(1, 'Rahim Mihan', '1981-05-21', '2010-08-15', 'Headmaster', 'retired', 'Mathematics', '01711223345', 'anisur.math@kus.edu.bd', 'M.Sc. in Mathematics', 'Khulna'),
(2, 'Mr. Robert Johnson', '1982-10-10', '2012-07-18', 'Assistant Headmaster', 'active', 'English', '01812345678', 'farzana.eng@kus.edu.bd', 'MA in English Literature', 'Jashore'),
(3, 'Mrs. Emily Carter', '1978-12-01', '2008-06-20', 'Senior Teacher', 'active', 'Physics', '01999887766', 'karim.phy@kus.edu.bd', 'M.Sc. in Physics', 'Satkhira'),
(4, 'Ms. Olivia Wilson', '1985-03-30', '2015-09-05', 'Assistant Teacher', 'active', 'Biology', '01733445566', 'nusrat.bio@kus.edu.bd', 'M.Sc. in Biology', 'Bagerhat'),
(5, 'Dr. Daniel White', '1981-07-22', '2011-04-10', 'Headmaster', 'active', 'ICT', '01677889900', 'tanvir.ict@kus.edu.bd', 'B.Sc. in Computer Science', 'Khulna'),
(6, 'Anisur Rahman', '1960-05-15', '2008-01-10', 'Assistant Headmaster', 'retired', 'Mathematics', '0123456789', 'johndoe@example.com', 'M.Ed', 'Dhaka'),
(7, 'Abdul Karim', '1962-03-20', '2009-02-15', 'Assistant Teacher', 'retired', 'English', '01711223344', 'abdul.karim@example.com', 'B.Ed', 'Chittagong'),
(8, 'Md. Sayem Hossain', '1990-12-25', '2015-04-30', 'Assistant Teacher', 'retired', 'Biology', '01711223345', 'sayem@gmail.com', 'M.Sc. in Biology', 'Kurigram'),
(12, 'Rahim Mihan', '1990-02-25', '2025-04-08', 'Assistant Teacher', 'active', 'Biology', '01711223344', 'mdsiamahmed35862@gmail.com', 'M.Sc. in Biology', 'Khulna'),
(14, 'Md. Sayem Hossain', '1990-12-25', '2015-04-30', 'Assistant Teacher', 'retired', 'Biology', '01711223345', 'sayem@gmail.com', 'M.Sc. in Biology', 'Kurigram'),
(15, 'Md. Sayem Hossain', '1995-02-25', '2025-04-08', 'Assistant Teacher', 'active', 'Chemistry', '01711223344', 'mdsiamahmed35862@gmail.com', 'M.Sc. in Chemistry', 'Jashore'),
(16, 'Md. Sayem Hossain', '1995-02-25', '2025-04-08', 'Assistant Teacher', 'active', 'Chemistry', '01711223344', 'mdsiamahmed35862@gmail.com', 'M.Sc. in Chemistry', 'Jashore'),
(17, 'Md. Sayem Hossain', '1995-02-25', '2025-04-08', 'Assistant Teacher', 'active', 'Chemistry', '01711223344', 'mdsiamahmed35862@gmail.com', 'M.Sc. in Chemistry', 'Jashore'),
(18, 'Md. Sayem Hossain', '1995-02-25', '2025-04-08', 'Assistant Teacher', 'active', 'Chemistry', '01711223344', 'mdsiamahmed35862@gmail.com', 'M.Sc. in Chemistry', 'Jashore'),
(19, 'Md. Sayem Rana', '1996-02-22', '2025-03-30', 'Assistant Teacher', 'active', 'Accounting', '01711223345', 'mdsiamahmed35862@gmail.com', 'B.Sc in Accounting', 'Khulna'),
(20, 'Md. Sayem Hossain', '2025-04-02', '2025-04-03', 'Assistant Teacher', 'active', 'Chemistry', '01711223344', 'mdsiamahmed35862@gmail.com', 'M.Sc. in Chemistry', 'Kurigram');

INSERT INTO teacher_event (teacher_ID, event_id) VALUES
(1, 1),
(5, 1),
(1, 2),
(2, 2),
(2, 3),
(3, 3),
(3, 4),
(4, 4),
(4, 5),
(5, 5),
(1, 7),
(1, 8),
(1, 9),
(1, 10),
(1, 11),
(1, 12);

INSERT INTO teacher_login (tl_id, user_name, user_password, teacher_ID) VALUES
(1, 'teacher11', 'pass11', 1),
(2, 'teacher2f', 'pass2f', 2),
(3, 'teacher3', 'pass3', 3),
(4, 'teacher4', 'pass4', 4),
(5, 'teacher5', 'pass5', 5),
(6, 'teacher6', 'pass6', 6),
(7, 'teacher7', 'pass7', 7),
(10, '4RzTuT', 'gW4eoebL', 8),
(14, 'nSuIb8', 'ccYpSAI4', 12),
(16, 'sayem', 'i0fOldlC', 14),
(17, 'iX6Dkg', 'Puvsvpc0', 15),
(18, 'hGviAs', 'mEo5sGzy', 16),
(19, 'xcTfGC', 'fv4qdDfq', 17),
(20, '79mznG', 'aSashmGm', 18),
(21, 'd63jQO', 'nfbbrIYR', 19),
(22, 'lNn9Qj', '5Zgvvlpl', 20);

INSERT INTO achievement (achievement_id, award_name, achievement_date, achievement_description, st_ID, teacher_ID, event_id) VALUES
(1, 'Best Science Project', '2024-04-15', 'Awarded for outstanding sports performance during the annual event.', 1, NULL, 1),
(3, 'Best Cultural Performer', '2024-06-20', 'Honored for outstanding leadership in organizing school events.', 3, NULL, 3),
(4, 'Tech Innovator Award', '2024-07-05', 'Awarded first place in the prestigious inter-school debate competition.', NULL, 1, NULL),
(5, 'Debate Winner', '2024-08-12', 'Recognized for dedicated volunteer work in the school community.', 4, NULL, 5),
(6, 'Best Junior Programmar', '2024-04-20', 'He obtained 5th position in programming contest of Science Fair 2024.', 10, NULL, 1);
